{"chicken": {"serve": "4 oz", "cal": 140, "fat": 3, "pro": 24, "carb": 0 },
"steak": {"serve": "3 oz", "cal": 330, "fat": 27, "pro": 20, "carb": 0 },
"beef": {"serve": "3 oz", "cal": 390, "fat": 36, "pro": 16, "carb": 0 },
"Turkey": {"serve": "3.5 oz", "cal": 265, "fat": 15, "pro": 27, "carb": 0 },
"salmon": {"serve": "3 oz", "cal": 120, "fat": 5, "pro": 17, "carb": 0},
"Tuna": {"serve": "3 oz", "cal": 170, "fat": 7, "pro": 25, "carb": 0 },
"milk": {"serve": "1 cup", "cal": 660, "fat": 40, "pro": 32, "carb": 48},
"egg": {"serve": "1 egg", "cal": 74, "fat": 1, "pro": 17, "carb": 0},
"cheese": {"serve": "1 piece", "cal": 240, "fat": 11, "pro": 30, "carb": 6}
,"roasted chicken":{"serve": "3 oz", "cal":290, "fat":20, "pro":25 , "carb": 0 },
  "fried chicken":{"serve": "3 oz", "cal":245, "fat":15 , "pro":25 , "carb": 0 },
  "cheddar": {"serve": "1 cube", "cal": 70, "fat": 6, "pro":4 , "carb":6 },
  "swiss": {"serve": "1 oz", "cal":105, "fat":8 , "pro": 7, "carb":0  },
  "butter": {"serve": "100 gram", "cal":113, "fat":115 , "pro":114 , "carb":118 },
  "duck": {"serve": "3 1/2 oz", "cal": 370, "fat":28 , "pro": 16, "carb": 0 },
  "shrimp": {"serve": "3 oz", "cal":110, "fat":1 , "pro":23 , "carb": 0 },
  "beans": {"serve": "1 cup", "cal":25, "fat":0 , "pro": 1, "carb":3  },
  "broccoli": {"serve": "1 cup", "cal":45, "fat":0 , "pro":5 , "carb":8  },
  "carrots": {"serve": "1 cup", "cal":45, "fat":0 , "pro":1 , "carb":10  },
  "cucumbers": {"serve": "1", "cal":6, "fat":0 , "pro":0 , "carb": 1 },
   "eggplant": {"serve": "1", "cal":30, "fat": 0, "pro":2 , "carb":9  },
   "lentils": {"serve": "1 cup", "cal":212, "fat":0 , "pro":15 , "carb":38  },
   "mushroom": {"serve": "4", "cal":12, "fat":0 , "pro":2 , "carb":4  },
   "peas": {"serve": "1 cup", "cal":66, "fat":0 , "pro":3 , "carb":13  },
   "french fries": {"serve": "10 pieces", "cal":155, "fat":7 , "pro":-1 , "carb": 20 },
   "mashed potatoes": {"serve": "1 plate", "cal":230, "fat":12 , "pro":4 , "carb":28  },
   "chips": {"serve": "10 pieces", "cal":110, "fat":7 , "pro":7 , "carb":1  },
   "tomatoes": {"serve": "2", "cal":50, "fat": 0, "pro":2 , "carb":9  },
   "spinach": {"serve": "1 cup", "cal":26, "fat": 0, "pro": 3, "carb":3  },
   "banana": {"serve": "1 medium", "cal":85, "fat":0 , "pro":1, "carb": 23 },
   "dates": {"serve": "1 cup", "cal":505, "fat":0 , "pro": 4, "carb": 134 },
   "grapes": {"serve": "1 cup", "cal":70, "fat":0 , "pro":1 , "carb": 16 },
   "lemonade": {"serve": "1 cup", "cal":60, "fat": 0, "pro":0 , "carb":20  },
   "orange juice": {"serve": "1 cup", "cal":112, "fat":0 , "pro":2 , "carb":25  },
   "strawberries": {"serve": "1 cup", "cal":242, "fat":0 , "pro":1 , "carb":60 },
   "biscuits": {"serve": "1", "cal":130, "fat":4 , "pro":3 , "carb":18  },
   "cornflakes": {"serve": "1 cup", "cal":110, "fat":0, "pro":2 , "carb":25  },
   "muffins": {"serve": "1 piece", "cal":135, "fat":5 , "pro":4 , "carb": 19 },
   "pizza": {"serve": "small", "cal":360, "fat":24 , "pro":32 , "carb":46  },
   "popcorn": {"serve": "2 cups", "cal":152, "fat":7 , "pro":3 , "carb":20  },
   "rice": {"serve": "1 cup", "cal":748, "fat":3 , "pro":15 , "carb": 154 },
   "spaghetti with meat sauce": {"serve": "1 plate", "cal":285, "fat":10 , "pro":13 , "carb": 35 },
   "waffles": {"serve": "1 piece", "cal":240, "fat":9 , "pro":8 , "carb":30  },
   "noodles": {"serve": "1 cup", "cal":115, "fat":4 , "pro":6 , "carb":13  },
  "cake": {"serve": "1 slice", "cal": 110, "fat":0 , "pro": 3, "carb":23  },
  "doughnuts": {"serve": "1", "cal":135, "fat":7 , "pro":2 , "carb": 17 },
  "icecream": {"serve": "2 scoops", "cal":250, "fat":0 , "pro": 0, "carb":0  },
  "peanut butter sandwich": {"serve": "1", "cal":300, "fat":25 , "pro":12 , "carb":18  },
  "cola": {"serve": "1 can", "cal":137, "fat":0 , "pro":0 , "carb":38  },
  "coffee": {"serve": "single shot", "cal":3, "fat":0 , "pro":0 , "carb":1  },
  "tea": {"serve": "1 cup", "cal":4, "fat":0 , "pro":0 , "carb":1  },
  "apple": {"serve": "1 medium", "cal":70, "fat":0 , "pro":0 , "carb":18  },
  "avocado": {"serve": "1", "cal":185, "fat":18 , "pro":2 , "carb":6  },
  "orange": {"serve": "1 medium", "cal":60, "fat":0 , "pro":2 , "carb":25 }
}

